{
  "datapoint_5": {
    "esp_corr": -51.6422234768866,
    "gateway": "004A1093",
    "distance": 62.92894099188347,
    "rssi_corr": -51.22829847688659,
    "drone": 1,
    "x": 8.208817,
    "y": 2.566418,
    "z": 14.887978,
    "esp": -61.413925,
    "rssi": -61.0
  },
  "datapoint_4": {
    "esp_corr": -67.67656259665274,
    "gateway": "004A1093",
    "distance": 100.8164038340899,
    "rssi_corr": -67.03763859665274,
    "drone": 1,
    "x": -12.062355,
    "y": -20.343784,
    "z": 15.376744,
    "esp": -71.638924,
    "rssi": -71.0
  },
  "datapoint_7": {
    "esp_corr": -67.6982066585842,
    "gateway": "004A1093",
    "distance": 161.71050580647875,
    "rssi_corr": -66.8208496585842,
    "drone": 1,
    "x": 4.332127,
    "y": 3.078204,
    "z": 16.565983,
    "esp": -71.877357,
    "rssi": -71.0
  },
  "datapoint_6": {
    "esp_corr": -58.33213093598884,
    "gateway": "004A1093",
    "distance": 90.08999733181207,
    "rssi_corr": -57.940345935988844,
    "drone": 1,
    "x": 10.338873,
    "y": 8.114839,
    "z": 15.510421,
    "esp": -65.391785,
    "rssi": -65.0
  },
  "datapoint_1": {
    "esp_corr": -50.928385248555024,
    "gateway": "004A1093",
    "distance": 40.00518781368841,
    "rssi_corr": -50.536600248555025,
    "drone": 1,
    "x": -3.144506,
    "y": 9.810576,
    "z": 15.874637,
    "esp": -61.391785,
    "rssi": -61.0
  },
  "datapoint_0": {
    "esp_corr": -65.07860820371339,
    "gateway": "004A1093",
    "distance": 84.72287593303055,
    "rssi_corr": -64.36779320371339,
    "drone": 1,
    "x": 6.943168,
    "y": 6.863816,
    "z": 15.092876,
    "esp": -69.710815,
    "rssi": -69.0
  },
  "datapoint_3": {
    "esp_corr": -55.4259473552829,
    "gateway": "004A1093",
    "distance": 49.485251379380045,
    "rssi_corr": -54.67645135528289,
    "drone": 1,
    "x": -34.145969,
    "y": 1.962687,
    "z": 15.720805,
    "esp": -63.749496,
    "rssi": -63.0
  },
  "datapoint_2": {
    "esp_corr": -58.910377130935515,
    "gateway": "004A1093",
    "distance": 57.88522712895688,
    "rssi_corr": -58.42266013093551,
    "drone": 1,
    "x": -39.874939,
    "y": 15.056896,
    "z": 14.591547,
    "esp": -65.487717,
    "rssi": -65.0
  },
  "datapoint_9": {
    "esp_corr": -65.79603979266776,
    "gateway": "004A1093",
    "distance": 108.8381816831451,
    "rssi_corr": -65.30832279266775,
    "drone": 1,
    "x": 0.207936,
    "y": 0.511462,
    "z": 4.523692,
    "esp": -67.487717,
    "rssi": -67.0
  },
  "datapoint_8": {
    "esp_corr": -65.09912624186545,
    "gateway": "004A1093",
    "distance": 108.8381816831451,
    "rssi_corr": -64.61140924186545,
    "drone": 1,
    "x": 0.148039,
    "y": 0.538771,
    "z": 6.384428,
    "esp": -67.487717,
    "rssi": -67.0
  }
}