{
  "datapoint_36": {
    "rssi": -73.0,
    "y": 65.554398,
    "x": -71.116402,
    "z": 14.842644,
    "drone": 1,
    "gateway": "004A1092",
    "esp": -73.461838,
    "distance": 186.55533950664537
  },
  "datapoint_37": {
    "rssi": -75.0,
    "y": 66.950867,
    "x": -87.972244,
    "z": 15.45174,
    "drone": 1,
    "gateway": "004A1092",
    "esp": -75.673981,
    "distance": 227.75334432977886
  },
  "datapoint_34": {
    "rssi": -69.0,
    "y": 63.596786,
    "x": -55.102993,
    "z": 15.376336,
    "drone": 1,
    "gateway": "004A1092",
    "esp": -69.673981,
    "distance": 132.56369146670244
  },
  "datapoint_35": {
    "rssi": -69.0,
    "y": 64.441887,
    "x": -62.941528,
    "z": 15.0525,
    "drone": 1,
    "gateway": "004A1092",
    "esp": -69.673981,
    "distance": 132.56369146670244
  },
  "datapoint_18": {
    "rssi": -72.0,
    "y": 26.465513,
    "x": 63.635525,
    "z": 15.014171,
    "drone": 1,
    "gateway": "004A1092",
    "esp": -72.413925,
    "distance": 108.11615614697013
  },
  "datapoint_19": {
    "rssi": -75.0,
    "y": 39.565598,
    "x": 74.224594,
    "z": 15.016214,
    "drone": 1,
    "gateway": "004A1092",
    "esp": -75.573822,
    "distance": 143.77202401002253
  },
  "datapoint_30": {
    "rssi": -69.0,
    "y": 59.640366,
    "x": -23.54295,
    "z": 14.939602,
    "drone": 1,
    "gateway": "004A1092",
    "esp": -69.391785,
    "distance": 129.2319873800425
  },
  "datapoint_31": {
    "rssi": -65.0,
    "y": 60.429874,
    "x": -31.92906,
    "z": 15.188125,
    "drone": 1,
    "gateway": "004A1092",
    "esp": -65.391785,
    "distance": 90.08999733181207
  },
  "datapoint_14": {
    "rssi": -60.0,
    "y": -6.828556,
    "x": 37.823887,
    "z": 15.071324,
    "drone": 1,
    "gateway": "004A1092",
    "esp": -60.461838,
    "distance": 36.786389331761356
  },
  "datapoint_15": {
    "rssi": -66.0,
    "y": 0.315649,
    "x": 42.980705,
    "z": 15.021442,
    "drone": 1,
    "gateway": "004A1092",
    "esp": -66.413925,
    "distance": 62.92894099188347
  },
  "datapoint_16": {
    "rssi": -66.0,
    "y": 7.034175,
    "x": 48.24416,
    "z": 15.067118,
    "drone": 1,
    "gateway": "004A1092",
    "esp": -66.413925,
    "distance": 62.92894099188347
  },
  "datapoint_17": {
    "rssi": -69.0,
    "y": 19.876568,
    "x": 58.457439,
    "z": 15.00391,
    "drone": 1,
    "gateway": "004A1092",
    "esp": -69.832695,
    "distance": 85.65942187055069
  },
  "datapoint_10": {
    "rssi": -57.0,
    "y": -47.038757,
    "x": 6.931709,
    "z": 15.084593,
    "drone": 1,
    "gateway": "004A1092",
    "esp": -57.461838,
    "distance": 28.065131155131414
  },
  "datapoint_11": {
    "rssi": -57.0,
    "y": -41.165745,
    "x": 11.901106,
    "z": 15.126977,
    "drone": 1,
    "gateway": "004A1092",
    "esp": -57.461838,
    "distance": 28.065131155131414
  },
  "datapoint_12": {
    "rssi": -59.0,
    "y": -34.594715,
    "x": 17.119608,
    "z": 15.172616,
    "drone": 1,
    "gateway": "004A1092",
    "esp": -59.413925,
    "distance": 33.46854923490522
  },
  "datapoint_13": {
    "rssi": -63.0,
    "y": -20.51631,
    "x": 27.388756,
    "z": 15.081118,
    "drone": 1,
    "gateway": "004A1092",
    "esp": -63.710819,
    "distance": 49.31291468240783
  },
  "datapoint_53": {
    "rssi": -61.0,
    "y": -5.424949,
    "x": -12.142727,
    "z": 1.948853,
    "drone": 1,
    "gateway": "004A1092",
    "esp": -61.43726,
    "distance": 63.061534390142704
  },
  "datapoint_32": {
    "rssi": -65.0,
    "y": 60.969833,
    "x": -36.444977,
    "z": 13.306112,
    "drone": 1,
    "gateway": "004A1092",
    "esp": -65.391785,
    "distance": 90.08999733181207
  },
  "datapoint_33": {
    "rssi": -64.0,
    "y": 61.848618,
    "x": -41.303741,
    "z": 14.67513,
    "drone": 1,
    "gateway": "004A1092",
    "esp": -64.437256,
    "distance": 82.65791833023329
  },
  "datapoint_50": {
    "rssi": -51.0,
    "y": -5.928637,
    "x": -11.959318,
    "z": 8.111444,
    "drone": 1,
    "gateway": "004A1092",
    "esp": -51.749496,
    "distance": 26.318567356886835
  },
  "datapoint_48": {
    "rssi": -63.0,
    "y": 3.576876,
    "x": -35.278408,
    "z": 21.477009,
    "drone": 1,
    "gateway": "004A1092",
    "esp": -63.749496,
    "distance": 77.68596988016553
  },
  "datapoint_52": {
    "rssi": -63.0,
    "y": -5.68727,
    "x": -12.42614,
    "z": 1.749491,
    "drone": 1,
    "gateway": "004A1092",
    "esp": -63.461838,
    "distance": 75.69619701859877
  },
  "datapoint_39": {
    "rssi": -75.0,
    "y": 51.827927,
    "x": -81.15667,
    "z": 14.9283,
    "drone": 1,
    "gateway": "004A1092",
    "esp": -75.461838,
    "distance": 223.4366484272621
  },
  "datapoint_49": {
    "rssi": -54.0,
    "y": -4.699943,
    "x": -11.961195,
    "z": 18.710098,
    "drone": 1,
    "gateway": "004A1092",
    "esp": -54.461838,
    "distance": 33.61350503050452
  },
  "datapoint_29": {
    "rssi": -65.0,
    "y": 58.15271,
    "x": -6.442554,
    "z": 15.12962,
    "drone": 1,
    "gateway": "004A1092",
    "esp": -65.461838,
    "distance": 90.66105856446387
  },
  "datapoint_28": {
    "rssi": -65.0,
    "y": 57.711567,
    "x": 1.626217,
    "z": 15.286714,
    "drone": 1,
    "gateway": "004A1092",
    "esp": -65.461838,
    "distance": 90.66105856446387
  },
  "datapoint_41": {
    "rssi": -65.0,
    "y": 22.550392,
    "x": -65.733032,
    "z": 14.755757,
    "drone": 1,
    "gateway": "004A1092",
    "esp": -65.573822,
    "distance": 91.58146265577733
  },
  "datapoint_40": {
    "rssi": -75.0,
    "y": 43.680603,
    "x": -76.8955,
    "z": 14.293151,
    "drone": 1,
    "gateway": "004A1092",
    "esp": -75.461838,
    "distance": 223.4366484272621
  },
  "datapoint_47": {
    "rssi": -63.0,
    "y": 6.747388,
    "x": -42.314865,
    "z": 21.170847,
    "drone": 1,
    "gateway": "004A1092",
    "esp": -63.749496,
    "distance": 77.68596988016553
  },
  "datapoint_46": {
    "rssi": -69.0,
    "y": 12.651084,
    "x": -57.052784,
    "z": 20.762669,
    "drone": 1,
    "gateway": "004A1092",
    "esp": -69.413925,
    "distance": 129.49032514535475
  },
  "datapoint_45": {
    "rssi": -64.0,
    "y": 15.861485,
    "x": -63.376762,
    "z": 20.934851,
    "drone": 1,
    "gateway": "004A1092",
    "esp": -64.461838,
    "distance": 82.8413987750713
  },
  "datapoint_44": {
    "rssi": -64.0,
    "y": 16.228397,
    "x": -64.698982,
    "z": 19.954046,
    "drone": 1,
    "gateway": "004A1092",
    "esp": -64.461838,
    "distance": 82.8413987750713
  },
  "datapoint_21": {
    "rssi": -71.0,
    "y": 47.677711,
    "x": 81.748276,
    "z": 15.251622,
    "drone": 1,
    "gateway": "004A1092",
    "esp": -71.413925,
    "distance": 98.79096656510558
  },
  "datapoint_20": {
    "rssi": -75.0,
    "y": 45.453297,
    "x": 79.502991,
    "z": 15.270744,
    "drone": 1,
    "gateway": "004A1092",
    "esp": -75.573822,
    "distance": 143.77202401002253
  },
  "datapoint_23": {
    "rssi": -71.0,
    "y": 52.943409,
    "x": 55.746346,
    "z": 14.795151,
    "drone": 1,
    "gateway": "004A1092",
    "esp": -71.543648,
    "distance": 99.95371048273859
  },
  "datapoint_22": {
    "rssi": -70.0,
    "y": 52.198448,
    "x": 64.456551,
    "z": 15.267295,
    "drone": 1,
    "gateway": "004A1092",
    "esp": -70.60556,
    "distance": 91.8440147333085
  },
  "datapoint_25": {
    "rssi": -67.0,
    "y": 55.570568,
    "x": 21.92267,
    "z": 14.743002,
    "drone": 1,
    "gateway": "004A1092",
    "esp": -67.461838,
    "distance": 69.16728022225007
  },
  "datapoint_24": {
    "rssi": -66.0,
    "y": 54.196232,
    "x": 38.253952,
    "z": 14.857958,
    "drone": 1,
    "gateway": "004A1092",
    "esp": -66.461838,
    "distance": 63.201492832827476
  },
  "datapoint_27": {
    "rssi": -63.0,
    "y": 56.933395,
    "x": 9.51789,
    "z": 15.349019,
    "drone": 1,
    "gateway": "004A1092",
    "esp": -63.749496,
    "distance": 77.68596988016553
  },
  "datapoint_26": {
    "rssi": -67.0,