{
  "datapoint_5": {
    "esp_corr": -63.11540840934307,
    "gateway": "004A1092",
    "distance": 82.16378064866467,
    "rssi_corr": -62.744627409343074,
    "drone": 1,
    "x": 34.765591,
    "y": 20.516552,
    "z": 19.710667,
    "esp": -69.370781,
    "rssi": -69.0
  },
  "datapoint_4": {
    "esp_corr": -62.82163256859,
    "gateway": "004A1092",
    "distance": 82.16378064866467,
    "rssi_corr": -62.450851568590004,
    "drone": 1,
    "x": 25.017925,
    "y": 15.570976,
    "z": 20.624054,
    "esp": -69.370781,
    "rssi": -69.0
  },
  "datapoint_7": {
    "esp_corr": -69.11132887208103,
    "gateway": "004A1092",
    "distance": 118.08552393454377,
    "rssi_corr": -68.71954387208103,
    "drone": 1,
    "x": 45.080109,
    "y": 25.742485,
    "z": 19.448477,
    "esp": -73.391785,
    "rssi": -73.0
  },
  "datapoint_6": {
    "esp_corr": -69.05327937930497,
    "gateway": "004A1092",
    "distance": 118.08552393454377,
    "rssi_corr": -68.66149437930497,
    "drone": 1,
    "x": 34.765591,
    "y": 20.516552,
    "z": 19.710667,
    "esp": -73.391785,
    "rssi": -73.0
  },
  "datapoint_1": {
    "esp_corr": -62.46613366437754,
    "gateway": "004A1092",
    "distance": 57.501220234427315,
    "rssi_corr": -62.05220866437753,
    "drone": 1,
    "x": -0.815051,
    "y": 3.873337,
    "z": 6.531826,
    "esp": -65.413925,
    "rssi": -65.0
  },
  "datapoint_0": {
    "esp_corr": -63.074772454659595,
    "gateway": "004A1092",
    "distance": 57.501220234427315,
    "rssi_corr": -62.66084745465959,
    "drone": 1,
    "x": -2.621665,
    "y": 2.539465,
    "z": 5.18582,
    "esp": -65.413925,
    "rssi": -65.0
  },
  "datapoint_3": {
    "esp_corr": -51.339293862705006,
    "gateway": "004A1092",
    "distance": 36.786389331761356,
    "rssi_corr": -50.877455862705006,
    "drone": 1,
    "x": 6.862679,
    "y": 6.994261,
    "z": 12.780032,
    "esp": -60.461838,
    "rssi": -60.0
  },
  "datapoint_2": {
    "esp_corr": -62.46613366437754,
    "gateway": "004A1092",
    "distance": 57.501220234427315,
    "rssi_corr": -62.05220866437753,
    "drone": 1,
    "x": -0.815051,
    "y": 3.873337,
    "z": 6.531826,
    "esp": -65.413925,
    "rssi": -65.0
  },
  "datapoint_9": {
    "esp_corr": -71.92677418102258,
    "gateway": "004A1092",
    "distance": 143.01082659469554,
    "rssi_corr": -71.41180518102257,
    "drone": 1,
    "x": -7.054317,
    "y": 30.87854,
    "z": 19.761421,
    "esp": -75.514969,
    "rssi": -75.0
  },
  "datapoint_8": {
    "esp_corr": -72.18878633386977,
    "gateway": "004A1092",
    "distance": 146.0683515193311,
    "rssi_corr": -71.43929033386978,
    "drone": 1,
    "x": 54.278503,
    "y": 29.831863,
    "z": 20.02993,
    "esp": -75.749496,
    "rssi": -75.0
  },
  "datapoint_24": {
    "esp_corr": -72.70456938579565,
    "gateway": "004A1092",
    "distance": 224.51001980768942,
    "rssi_corr": -72.18960038579566,
    "drone": 1,
    "x": -23.074739,
    "y": -83.23259,
    "z": 15.490026,
    "esp": -75.514969,
    "rssi": -75.0
  },
  "datapoint_19": {
    "esp_corr": -64.6994197479643,
    "gateway": "004A1092",
    "distance": 81.8765377162669,
    "rssi_corr": -64.3674647479643,
    "drone": 1,
    "x": -38.936821,
    "y": -52.066799,
    "z": 14.586845,
    "esp": -69.331955,
    "rssi": -69.0
  },
  "datapoint_26": {
    "esp_corr": -71.92025239198327,
    "gateway": "004A1092",
    "distance": 224.51001980768942,
    "rssi_corr": -71.40528339198328,
    "drone": 1,
    "x": -22.127424,
    "y": -83.787094,
    "z": 19.797192,
    "esp": -75.514969,
    "rssi": -75.0
  },
  "datapoint_27": {
    "esp_corr": -63.63724691976446,
    "gateway": "004A1092",
    "distance": 133.46972502010013,
    "rssi_corr": -62.887750919764464,
    "drone": 1,
    "x": -9.131821,
    "y": -29.037903,
    "z": 19.934555,
    "esp": -69.749496,
    "rssi": -69.0
  },
  "datapoint_20": {
    "esp_corr": -64.6994197479643,
    "gateway": "004A1092",
    "distance": 81.8765377162669,
    "rssi_corr": -64.3674647479643,
    "drone": 1,
    "x": -38.936821,
    "y": -52.066799,
    "z": 14.586845,
    "esp": -69.331955,
    "rssi": -69.0
  },
  "datapoint_21": {
    "esp_corr": -67.5175511937068,
    "gateway": "004A1092",
    "distance": 103.44406996646666,
    "rssi_corr": -66.5933721937068,
    "drone": 1,
    "x": -38.767422,
    "y": -51.447983,
    "z": 17.536201,
    "esp": -71.924179,
    "rssi": -71.0
  },
  "datapoint_22": {
    "esp_corr": -66.72665609044894,
    "gateway": "004A1092",
    "distance": 162.39490918389558,
    "rssi_corr": -65.80247709044895,
    "drone": 1,
    "x": -35.638401,
    "y": -57.434723,
    "z": 20.658714,
    "esp": -71.924179,
    "rssi": -71.0
  },
  "datapoint_23": {
    "esp_corr": -66.96413725033658,
    "gateway": "004A1092",
    "distance": 162.39490918389558,
    "rssi_corr": -66.03995825033658,
    "drone": 1,
    "x": -30.897896,
    "y": -65.147758,
    "z": 19.722324,
    "esp": -71.924179,
    "rssi": -71.0
  },
  "datapoint_44": {
    "esp_corr": -67.07186060975319,
    "gateway": "004A1092",
    "distance": 108.8381816831451,
    "rssi_corr": -66.58414360975318,
    "drone": 1,
    "x": 1.446944,
    "y": -0.277938,
    "z": 1.112509,
    "esp": -67.487717,
    "rssi": -67.0
  },
  "datapoint_28": {
    "esp_corr": -63.754907499059534,
    "gateway": "004A1092",
    "distance": 133.46972502010013,
    "rssi_corr": -63.00541149905954,
    "drone": 1,
    "x": -7.501258,
    "y": -20.839142,
    "z": 19.555229,
    "esp": -69.749496,
    "rssi": -69.0
  },
  "datapoint_29": {
    "esp_corr": -66.7693997623133,
    "gateway": "004A1092",
    "distance": 160.44274565640973,
    "rssi_corr": -65.9792997623133,
    "drone": 1,
    "x": -5.837636,
    "y": -12.734264,
    "z": 19.721643,
    "esp": -71.7901,
    "rssi": -71.0
  },
  "datapoint_40": {
    "esp_corr": -66.86453056112916,
    "gateway": "004A1092",
    "distance": 107.5028194479347,
    "rssi_corr": -66.51367756112916,
    "drone": 1,
    "x": -2.854237,
    "y": 2.187969,
    "z": 1.285046,
    "esp": -67.350853,
    "rssi": -67.0
  },
  "datapoint_41": {
    "esp_corr": -66.47915665706313,
    "gateway": "004A1092",
    "distance": 107.14645450018172,
    "rssi_corr": -66.16511565706313,
    "drone": 1,
    "x": 1.361865,
    "y": -0.611768,
    "z": 2.198604,
    "esp": -67.314041,
    "rssi": -67.0
  },
  "datapoint_42": {
    "esp_corr": -66.47915665706313,
    "gateway": "004A1092",
    "distance": 107.14645450018172,
    "rssi_corr": -66.16511565706313,
    "drone": 1,
    "x": 1.361865,
    "y": -0.611768,
    "z": 2.198604,
    "esp": -67.314041,
    "rssi": -67.0
  },
  "datapoint_43": {
    "esp_corr": -75.02415484015194,
    "gateway": "004A1092",
    "distance": 222.02925246375995,
    "rssi_corr": -74.63236984015194,
    "drone": 1,
    "x": 2.192798,
    "y": -0.209704,
    "z": 2.006332,
    "esp": -75.391785,
    "rssi": -75.0
  },
  "datapoint_11": {
    "esp_corr": -71.9411401647721,
    "gateway": "004A1092",
    "distance": 143.01082659469554,
    "rssi_corr": -71.4261711647721,
    "drone": 1,
    "x": -18.296764,
    "y": 31.7162,
    "z": 19.682623,
    "esp": -75.514969,
    "rssi": -75.0
  },
  "datapoint_10": {
    "esp_corr": -71.9411401647721,
    "gateway": "004A1092",
    "distance": 143.01082659469554,
    "rssi_corr": -71.4261711647721,
    "drone": 1,
    "x": -18.296764,
    "y": 31.7162,
    "z": 19.682623,
    "esp": -75.514969,
    "rssi": -75.0
  },
  "datapoint_13": {
    "esp_corr": -61.61565466574319,
    "gateway": "004A1092",
    "distance": 75.87309996710655,
    "rssi_corr": -61.12793766574319,
    "drone": 1,
    "x": -40.063179,
    "y": 34.275772,
    "z": 19.970333,
    "esp": -68.487717,
    "rssi": -68.0
  },
  "datapoint_12": {
    "esp_corr": -61.30135989918689,
    "gateway": "004A1092",
    "distance": 75.87309996710655,
    "rssi_corr": -60.81364289918689,
    "drone": 1,
    "x": -29.096251,
    "y": 32.803318,
    "z": 20.869051,