{
  "datapoint_5": {
    "esp_corr": -55.39361130754355,
    "gateway": "004A1092",
    "distance": 48.21778428854769,
    "rssi_corr": -54.93177330754355,
    "drone": 1,
    "x": -16.504074,
    "y": 33.115074,
    "z": 14.858138,
    "esp": -63.461838,
    "rssi": -63.0
  },
  "datapoint_4": {
    "esp_corr": -59.007090624957044,
    "gateway": "004A1092",
    "distance": 58.86597326525419,
    "rssi_corr": -58.333109624957046,
    "drone": 1,
    "x": 23.375647,
    "y": 12.861329,
    "z": 15.037973,
    "esp": -65.673981,
    "rssi": -65.0
  },
  "datapoint_7": {
    "esp_corr": -64.68920379941808,
    "gateway": "004A1092",
    "distance": 82.01622345000716,
    "rssi_corr": -64.33835079941808,
    "drone": 1,
    "x": -55.294186,
    "y": 54.078209,
    "z": 14.702931,
    "esp": -69.350853,
    "rssi": -69.0
  },
  "datapoint_6": {
    "esp_corr": -58.52144287414697,
    "gateway": "004A1092",
    "distance": 57.622356452082656,
    "rssi_corr": -58.084186874146965,
    "drone": 1,
    "x": -26.270189,
    "y": 38.267853,
    "z": 15.261707,
    "esp": -65.437256,
    "rssi": -65.0
  },
  "datapoint_1": {
    "esp_corr": -67.1737660035406,
    "gateway": "004A1092",
    "distance": 97.755040782806,
    "rssi_corr": -66.8767080035406,
    "drone": 1,
    "x": 27.570812,
    "y": 2.648769,
    "z": 15.512183,
    "esp": -71.297058,
    "rssi": -71.0
  },
  "datapoint_0": {
    "esp_corr": -52.50551438160537,
    "gateway": "004A1092",
    "distance": 37.753367357743116,
    "rssi_corr": -51.75601838160537,
    "drone": 1,
    "x": 12.402664,
    "y": 2.376881,
    "z": 11.881577,
    "esp": -60.749496,
    "rssi": -60.0
  },
  "datapoint_3": {
    "esp_corr": -60.43992373638089,
    "gateway": "004A1092",
    "distance": 63.34919550314101,
    "rssi_corr": -59.95220673638089,
    "drone": 1,
    "x": 42.958649,
    "y": 3.738805,
    "z": 14.698788,
    "esp": -66.487717,
    "rssi": -66.0
  },
  "datapoint_2": {
    "esp_corr": -61.61014591040897,
    "gateway": "004A1092",
    "distance": 68.86900135710479,
    "rssi_corr": -61.19622091040896,
    "drone": 1,
    "x": 38.89682,
    "y": 2.352089,
    "z": 15.341829,
    "esp": -67.413925,
    "rssi": -67.0
  },
  "datapoint_23": {
    "esp_corr": -68.77030615777355,
    "gateway": "004A1092",
    "distance": 169.72952982699442,
    "rssi_corr": -68.35638115777354,
    "drone": 1,
    "x": 34.858475,
    "y": 22.525368,
    "z": 15.169429,
    "esp": -72.413925,
    "rssi": -72.0
  },
  "datapoint_9": {
    "esp_corr": -61.36270470533091,
    "gateway": "004A1092",
    "distance": 69.16728022225007,
    "rssi_corr": -60.90086670533091,
    "drone": 1,
    "x": -59.374805,
    "y": 43.936153,
    "z": 16.183386,
    "esp": -67.461838,
    "rssi": -67.0
  },
  "datapoint_8": {
    "esp_corr": -64.83375119413894,
    "gateway": "004A1092",
    "distance": 82.31959247754764,
    "rssi_corr": -64.44196619413894,
    "drone": 1,
    "x": -61.086601,
    "y": 57.456486,
    "z": 14.431484,
    "esp": -69.391785,
    "rssi": -69.0
  },
  "datapoint_11": {
    "esp_corr": -55.53769260929834,
    "gateway": "004A1092",
    "distance": 49.485251379380045,
    "rssi_corr": -54.78819660929834,
    "drone": 1,
    "x": -57.785595,
    "y": -3.221154,
    "z": 15.514301,
    "esp": -63.749496,
    "rssi": -63.0
  },
  "datapoint_10": {
    "esp_corr": -58.86914379202172,
    "gateway": "004A1092",
    "distance": 57.622356452082656,
    "rssi_corr": -58.43188779202171,
    "drone": 1,
    "x": -58.333851,
    "y": 19.501333,
    "z": 14.505184,
    "esp": -65.437256,
    "rssi": -65.0
  },
  "datapoint_13": {
    "esp_corr": -68.77224090848276,
    "gateway": "004A1092",
    "distance": 98.59387510281434,
    "rssi_corr": -68.38045590848276,
    "drone": 1,
    "x": -54.842045,
    "y": -55.049255,
    "z": 9.955475,
    "esp": -71.391785,
    "rssi": -71.0
  },
  "datapoint_12": {
    "esp_corr": -60.38141916917719,
    "gateway": "004A1092",
    "distance": 63.201492832827476,
    "rssi_corr": -59.91958116917719,
    "drone": 1,
    "x": -56.14661,
    "y": -25.20857,
    "z": 14.742702,
    "esp": -66.461838,
    "rssi": -66.0
  },
  "datapoint_15": {
    "esp_corr": -62.33525363580375,
    "gateway": "004A1092",
    "distance": 98.99908674028487,
    "rssi_corr": -61.89799763580375,
    "drone": 1,
    "x": -54.842045,
    "y": -55.049255,
    "z": 9.955475,
    "esp": -66.437256,
    "rssi": -66.0
  },
  "datapoint_14": {
    "esp_corr": -59.84411689349939,
    "gateway": "004A1092",
    "distance": 98.99908674028487,
    "rssi_corr": -59.406860893499385,
    "drone": 1,
    "x": -54.993469,
    "y": -62.648838,
    "z": 15.934029,
    "esp": -66.437256,
    "rssi": -66.0
  },
  "datapoint_17": {
    "esp_corr": -56.19595458830354,
    "gateway": "004A1092",
    "distance": 77.97098678871076,
    "rssi_corr": -55.405858588303545,
    "drone": 1,
    "x": -23.919682,
    "y": -57.099728,
    "z": 14.42234,
    "esp": -63.790096,
    "rssi": -63.0
  },
  "datapoint_16": {
    "esp_corr": -67.07970976365851,
    "gateway": "004A1092",
    "distance": 141.162905305878,
    "rssi_corr": -66.70892876365852,
    "drone": 1,
    "x": -53.436478,
    "y": -60.755619,
    "z": 11.399997,
    "esp": -70.370781,
    "rssi": -70.0
  },
  "datapoint_19": {
    "esp_corr": -70.3957341918809,
    "gateway": "004A1092",
    "distance": 188.98953554620928,
    "rssi_corr": -69.79017419188091,
    "drone": 1,
    "x": 62.328247,
    "y": -79.765472,
    "z": 14.886835,
    "esp": -73.60556,
    "rssi": -73.0
  },
  "datapoint_18": {
    "esp_corr": -61.95557976833498,
    "gateway": "004A1092",
    "distance": 108.34392143907505,
    "rssi_corr": -61.51832376833497,
    "drone": 1,
    "x": 19.133902,
    "y": -68.447197,
    "z": 14.529266,
    "esp": -67.437256,
    "rssi": -67.0
  },
  "datapoint_28": {
    "esp_corr": -61.754889011767474,
    "gateway": "004A1092",
    "distance": 110.00124083494026,
    "rssi_corr": -61.14932901176748,
    "drone": 1,
    "x": -25.103601,
    "y": 66.888588,
    "z": 15.734079,
    "esp": -67.60556,
    "rssi": -67.0
  },
  "datapoint_24": {
    "esp_corr": -67.42462090709584,
    "gateway": "004A1092",
    "distance": 154.48771525230768,
    "rssi_corr": -67.05383990709585,
    "drone": 1,
    "x": 26.724836,
    "y": 58.723522,
    "z": 14.948229,
    "esp": -71.370781,
    "rssi": -71.0
  },
  "datapoint_25": {
    "esp_corr": -68.76566991663718,
    "gateway": "004A1092",
    "distance": 168.7666640235577,
    "rssi_corr": -68.41481691663718,
    "drone": 1,
    "x": 22.290771,
    "y": 80.601158,
    "z": 14.842461,
    "esp": -72.350853,
    "rssi": -72.0
  },
  "datapoint_26": {
    "esp_corr": -69.04104600491117,
    "gateway": "004A1092",
    "distance": 172.6888889937991,
    "rssi_corr": -68.43548600491117,
    "drone": 1,
    "x": 17.829479,
    "y": 102.158257,
    "z": 15.100203,
    "esp": -72.60556,
    "rssi": -72.0
  },
  "datapoint_27": {
    "esp_corr": -69.27877149520533,
    "gateway": "004A1092",
    "distance": 174.33620491456676,
    "rssi_corr": -68.56795649520534,
    "drone": 1,
    "x": -0.75582,
    "y": 89.282234,
    "z": 14.679867,
    "esp": -72.710815,
    "rssi": -72.0
  },
  "datapoint_20": {
    "esp_corr": -67.25054937177588,
    "gateway": "004A1092",
    "distance": 153.69907499036296,
    "rssi_corr": -66.93650837177587,
    "drone": 1,
    "x": 63.324326,
    "y": -58.007099,
    "z": 15.311831,
    "esp": -71.314041,
    "rssi": -71.0
  },
  "datapoint_22": {
    "esp_corr": -57.09270275014193,
    "gateway": "004A1092",
    "distance": 82.65791833023329,
    "rssi_corr": -56.65544675014193,
    "drone": 1,
    "x": 36.819153,
    "y": 21.180721,
    "z": 14.795538,
    "esp": -64.437256,
    "rssi": -64.0
  },
  "datapoint_21": {
    "esp_corr": -58.73032974380934,
    "gateway": "004A1092",
    "distance": 90.66105856446387,
    "rssi_corr": -58.26849174380934,
    "drone": 1,
    "x": 49.880703,
    "y": -15.415914,