{
  "datapoint_14": {
    "gateway": 666,
    "rssi": -65.0,
    "drone": 666,
    "esp": -65.514969,
    "y": -16.045691,
    "x": 49.954365,
    "distance": 58.02769159185135,
    "z": 14.858373
  },
  "datapoint_15": {
    "gateway": 666,
    "rssi": -64.0,
    "drone": 666,
    "esp": -64.543648,
    "y": -15.975834,
    "x": 49.976616,
    "distance": 53.1600504914658,
    "z": 14.968729
  },
  "datapoint_16": {
    "gateway": 666,
    "rssi": -64.0,
    "drone": 666,
    "esp": -64.543648,
    "y": -15.975834,
    "x": 49.976616,
    "distance": 53.1600504914658,
    "z": 14.968729
  },
  "datapoint_17": {
    "gateway": 666,
    "rssi": -64.0,
    "drone": 666,
    "esp": -64.543648,
    "y": -16.000237,
    "x": 49.865269,
    "distance": 53.1600504914658,
    "z": 15.036402
  },
  "datapoint_10": {
    "gateway": 666,
    "rssi": -61.0,
    "drone": 666,
    "esp": -61.514969,
    "y": -15.970875,
    "x": 49.95713,
    "distance": 40.45217199444254,
    "z": 15.177355
  },
  "datapoint_11": {
    "gateway": 666,
    "rssi": -65.0,
    "drone": 666,
    "esp": -65.514969,
    "y": -16.022345,
    "x": 50.022247,
    "distance": 58.02769159185135,
    "z": 15.126922
  },
  "datapoint_12": {
    "gateway": 666,
    "rssi": -65.0,
    "drone": 666,
    "esp": -65.514969,
    "y": -16.022345,
    "x": 50.022247,
    "distance": 58.02769159185135,
    "z": 15.126922
  },
  "datapoint_13": {
    "gateway": 666,
    "rssi": -65.0,
    "drone": 666,
    "esp": -65.514969,
    "y": -16.045691,
    "x": 49.954365,
    "distance": 58.02769159185135,
    "z": 14.858373
  },
  "datapoint_18": {
    "gateway": 666,
    "rssi": -64.0,
    "drone": 666,
    "esp": -64.543648,
    "y": -16.000237,
    "x": 49.865269,
    "distance": 53.1600504914658,
    "z": 15.036402
  },
  "datapoint_19": {
    "gateway": 666,
    "rssi": -64.0,
    "drone": 666,
    "esp": -64.543648,
    "y": -16.008757,
    "x": 49.924191,
    "distance": 53.1600504914658,
    "z": 14.993914
  },
  "datapoint_49": {
    "gateway": 666,
    "rssi": -75.0,
    "drone": 666,
    "esp": -75.391785,
    "y": -52.919212,
    "x": -81.911789,
    "distance": 222.02925246375995,
    "z": 14.940885
  },
  "datapoint_48": {
    "gateway": 666,
    "rssi": -75.0,
    "drone": 666,
    "esp": -75.391785,
    "y": -53.02301,
    "x": -81.943069,
    "distance": 222.02925246375995,
    "z": 14.863218
  },
  "datapoint_43": {
    "gateway": 666,
    "rssi": -72.0,
    "drone": 666,
    "esp": -72.437256,
    "y": -53.442604,
    "x": -82.137901,
    "distance": 170.08709429578025,
    "z": 14.845415
  },
  "datapoint_42": {
    "gateway": 666,
    "rssi": -71.0,
    "drone": 666,
    "esp": -72.455406,
    "y": -52.983406,
    "x": -82.434891,
    "distance": 170.36577703815988,
    "z": 14.955844
  },
  "datapoint_41": {
    "gateway": 666,
    "rssi": -67.0,
    "drone": 666,
    "esp": -67.7901,
    "y": 80.024574,
    "x": -47.035847,
    "distance": 111.84759146036909,
    "z": 14.868312
  },
  "datapoint_40": {
    "gateway": 666,
    "rssi": -67.0,
    "drone": 666,
    "esp": -67.7901,
    "y": 79.942505,
    "x": -47.011826,
    "distance": 111.84759146036909,
    "z": 14.865335
  },
  "datapoint_47": {
    "gateway": 666,
    "rssi": -69.0,
    "drone": 666,
    "esp": -69.391785,
    "y": -53.164906,
    "x": -81.919273,
    "distance": 129.2319873800425,
    "z": 14.83928
  },
  "datapoint_46": {
    "gateway": 666,
    "rssi": -69.0,
    "drone": 666,
    "esp": -69.391785,
    "y": -53.164906,
    "x": -81.919273,
    "distance": 129.2319873800425,
    "z": 14.83928
  },
  "datapoint_45": {
    "gateway": 666,
    "rssi": -69.0,
    "drone": 666,
    "esp": -69.391785,
    "y": -53.034649,
    "x": -81.944115,
    "distance": 129.2319873800425,
    "z": 14.855384
  },
  "datapoint_44": {
    "gateway": 666,
    "rssi": -72.0,
    "drone": 666,
    "esp": -72.437256,
    "y": -53.13208,
    "x": -82.051414,
    "distance": 170.08709429578025,
    "z": 15.012635
  },
  "datapoint_0": {
    "gateway": 666,
    "rssi": -69.0,
    "drone": 666,
    "esp": -69.877357,
    "y": -16.433622,
    "x": 49.909237,
    "distance": 86.0051979276693,
    "z": 15.324281
  },
  "datapoint_1": {
    "gateway": 666,
    "rssi": -69.0,
    "drone": 666,
    "esp": -69.877357,
    "y": -16.433622,
    "x": 49.909237,
    "distance": 86.0051979276693,
    "z": 15.324281
  },
  "datapoint_2": {
    "gateway": 666,
    "rssi": -69.0,
    "drone": 666,
    "esp": -69.877357,
    "y": -16.744646,
    "x": 49.781254,
    "distance": 86.0051979276693,
    "z": 15.095247
  },
  "datapoint_3": {
    "gateway": 666,
    "rssi": -69.0,
    "drone": 666,
    "esp": -69.877357,
    "y": -16.744646,
    "x": 49.781254,
    "distance": 86.0051979276693,
    "z": 15.095247
  },
  "datapoint_4": {
    "gateway": 666,
    "rssi": -61.0,
    "drone": 666,
    "esp": -61.391785,
    "y": -16.812281,
    "x": 49.758827,
    "distance": 40.00518781368841,
    "z": 14.681763
  },
  "datapoint_5": {
    "gateway": 666,
    "rssi": -61.0,
    "drone": 666,
    "esp": -61.391785,
    "y": -16.812281,
    "x": 49.758827,
    "distance": 40.00518781368841,
    "z": 14.681763
  },
  "datapoint_6": {
    "gateway": 666,
    "rssi": -61.0,
    "drone": 666,
    "esp": -61.391785,
    "y": -16.395018,
    "x": 49.933186,
    "distance": 40.00518781368841,
    "z": 14.899664
  },
  "datapoint_7": {
    "gateway": 666,
    "rssi": -61.0,
    "drone": 666,
    "esp": -61.514969,
    "y": -16.395018,
    "x": 49.933186,
    "distance": 40.45217199444254,
    "z": 14.899664
  },
  "datapoint_8": {
    "gateway": 666,
    "rssi": -61.0,
    "drone": 666,
    "esp": -61.514969,
    "y": -15.970875,
    "x": 49.95713,
    "distance": 40.45217199444254,
    "z": 15.177355
  },
  "datapoint_9": {
    "gateway": 666,
    "rssi": -61.0,
    "drone": 666,
    "esp": -61.514969,
    "y": -15.970875,
    "x": 49.95713,
    "distance": 40.45217199444254,
    "z": 15.177355
  },
  "datapoint_21": {
    "gateway": 666,
    "rssi": -70.0,
    "drone": 666,
    "esp": -70.514969,
    "y": 79.718124,
    "x": -47.040722,
    "distance": 91.09658687312458,
    "z": 14.762738
  },
  "datapoint_20": {
    "gateway": 666,
    "rssi": -70.0,
    "drone": 666,
    "esp": -70.514969,
    "y": 79.741592,
    "x": -46.963394,
    "distance": 91.09658687312458,
    "z": 14.947524
  },
  "datapoint_23": {
    "gateway": 666,
    "rssi": -69.0,
    "drone": 666,
    "esp": -69.638924,
    "y": 79.718124,
    "x": -47.040722,
    "distance": 84.17526210446368,
    "z": 14.762738
  },
  "datapoint_22": {
    "gateway": 666,
    "rssi": -70.0,
    "drone": 666,
    "esp": -70.514969,
    "y": 79.718124,
    "x": -47.040722,
    "distance": 91.09658687312458,
    "z": 14.762738
  },
  "datapoint_25": {
    "gateway": 666,
    "rssi": -69.0,
    "drone": 666,
    "esp": -69.638924,
    "y": 80.075363,
    "x": -47.02261,
    "distance": 84.17526210446368,
    "z": 15.13835
  },
  "datapoint_24": {
    "gateway": 666,
    "rssi": -69.0,
    "drone": 666,
    "esp": -69.638924,
    "y": 80.075363,
    "x": -47.02261,
    "distance": 84.17526210446368,
    "z": 15.13835
  },
  "datapoint_27": {
    "gateway": 666,
    "rssi": -71.0,
    "drone": 666,
    "esp": -71.487717,
    "y": 79.97184,
    "x": -46.832485,
    "distance": 156.12581794112555,
    "z": 15.039053
  },
  "datapoint_26": {
    "gateway": 666,
    "rssi": -69.0,
    "drone": 666,
    "esp": -69.638924,
    "y": 79.97184,
    "x": -46.832485,
    "distance": 132.14516839308686,
    "z": 15.039053
  },
  "datapoint_29": {
    "gateway": 666,
    "rssi": -71.0,
    "drone": 666,
    "esp": -71.487717,
    "y": 80.10183,
    "x": -46.946709,
    "distance": 156.12581794112555,
    "z": 14.987207
  },
  "datapoint_28": {
    "gateway": 666,
    "rssi": -71.0,
    "drone": 666,
    "esp": -71.487717,
    "y": 80.10183,
    "x": -46.946709,
    "distance": 156.12581794112555,
    "z": 14.987207
  },