{
  "datapoint_7": {
    "z": 12.257703,
    "drone": 1,
    "x": 47.840786,
    "y": -15.451627,
    "distance": 99.4507162560439,
    "esp": -71.487717,
    "rssi": -71.0,
    "gateway": "004A1092"
  },
  "datapoint_6": {
    "z": 12.181155,
    "drone": 1,
    "x": 54.039024,
    "y": -21.516411,
    "distance": 91.58146265577733,
    "esp": -70.573822,
    "rssi": -70.0,
    "gateway": "004A1092"
  },
  "datapoint_5": {
    "z": 12.032994,
    "drone": 1,
    "x": 60.408443,
    "y": -26.862869,
    "distance": 91.58146265577733,
    "esp": -70.573822,
    "rssi": -70.0,
    "gateway": "004A1092"
  },
  "datapoint_4": {
    "z": 12.395778,
    "drone": 1,
    "x": 38.688332,
    "y": -21.939831,
    "distance": 81.8765377162669,
    "esp": -69.331955,
    "rssi": -69.0,
    "gateway": "004A1092"
  },
  "datapoint_3": {
    "z": 11.916503,
    "drone": 1,
    "x": 22.95628,
    "y": -16.531719,
    "distance": 70.98543202531624,
    "esp": -67.749496,
    "rssi": -67.0,
    "gateway": "004A1092"
  },
  "datapoint_2": {
    "z": 12.114745,
    "drone": 1,
    "x": 15.467503,
    "y": -13.427724,
    "distance": 40.16961990021279,
    "esp": -61.43726,
    "rssi": -61.0,
    "gateway": "004A1092"
  },
  "datapoint_1": {
    "z": 12.279953,
    "drone": 1,
    "x": 0.904987,
    "y": -6.604833,
    "distance": 63.34919550314101,
    "esp": -66.487717,
    "rssi": -66.0,
    "gateway": "004A1092"
  },
  "datapoint_0": {
    "z": 7.773089,
    "drone": 1,
    "x": -12.035024,
    "y": -5.57267,
    "distance": 27.693469637669754,
    "esp": -57.314041,
    "rssi": -57.0,
    "gateway": "004A1092"
  },
  "datapoint_9": {
    "z": 11.809748,
    "drone": 1,
    "x": 1.109059,
    "y": 34.007435,
    "distance": 48.00984860087575,
    "esp": -63.413925,
    "rssi": -63.0,
    "gateway": "004A1092"
  },
  "datapoint_8": {
    "z": 12.393884,
    "drone": 1,
    "x": 12.216849,
    "y": 20.723148,
    "distance": 64.21912598363248,
    "esp": -66.638924,
    "rssi": -66.0,
    "gateway": "004A1092"
  },
  "datapoint_19": {
    "z": 12.279374,
    "drone": 1,
    "x": -76.617668,
    "y": 7.361939,
    "distance": 90.27008934354632,
    "esp": -65.413925,
    "rssi": -65.0,
    "gateway": "004A1092"
  },
  "datapoint_18": {
    "z": 11.820246,
    "drone": 1,
    "x": -68.843887,
    "y": 31.403841,
    "distance": 58.6801035568919,
    "esp": -60.63892,
    "rssi": -60.0,
    "gateway": "004A1092"
  },
  "datapoint_13": {
    "z": 11.935046,
    "drone": 1,
    "x": -41.299801,
    "y": 87.668503,
    "distance": 99.4507162560439,
    "esp": -66.487717,
    "rssi": -66.0,
    "gateway": "004A1092"
  },
  "datapoint_12": {
    "z": 11.822789,
    "drone": 1,
    "x": -36.119022,
    "y": 80.586365,
    "distance": 99.4507162560439,
    "esp": -66.487717,
    "rssi": -66.0,
    "gateway": "004A1092"
  },
  "datapoint_11": {
    "z": 12.00919,
    "drone": 1,
    "x": -25.756609,
    "y": 66.941849,
    "distance": 85.01899254581735,
    "esp": -64.749496,
    "rssi": -64.0,
    "gateway": "004A1092"
  },
  "datapoint_10": {
    "z": 12.02829,
    "drone": 1,
    "x": -20.450233,
    "y": 60.622902,
    "distance": 59.95580667687126,
    "esp": -65.877357,
    "rssi": -65.0,
    "gateway": "004A1092"
  },
  "datapoint_17": {
    "z": 12.425748,
    "drone": 1,
    "x": -61.029812,
    "y": 55.826534,
    "distance": 108.34392143907505,
    "esp": -67.437256,
    "rssi": -67.0,
    "gateway": "004A1092"
  },
  "datapoint_16": {
    "z": 11.182741,
    "drone": 1,
    "x": -56.017303,
    "y": 72.808334,
    "distance": 144.61876583259428,
    "esp": -70.638924,
    "rssi": -70.0,
    "gateway": "004A1092"
  },
  "datapoint_15": {
    "z": 12.688632,
    "drone": 1,
    "x": -49.87801,
    "y": 89.247589,
    "distance": 131.01439250890118,
    "esp": -69.543648,
    "rssi": -69.0,
    "gateway": "004A1092"
  },
  "datapoint_14": {
    "z": 12.022614,
    "drone": 1,
    "x": -46.244904,
    "y": 94.77346,
    "distance": 155.4168132178945,
    "esp": -71.437256,
    "rssi": -71.0,
    "gateway": "004A1092"
  },
  "datapoint_22": {
    "z": 12.408347,
    "drone": 1,
    "x": -94.020187,
    "y": -67.062286,
    "distance": 222.02925246375995,
    "esp": -75.391785,
    "rssi": -75.0,
    "gateway": "004A1092"
  },
  "datapoint_20": {
    "z": 12.025831,
    "drone": 1,
    "x": -79.007759,
    "y": -0.846982,
    "distance": 63.505107634090216,
    "esp": -61.514969,
    "rssi": -61.0,
    "gateway": "004A1092"
  },
  "datapoint_21": {
    "z": 12.372011,
    "drone": 1,
    "x": -88.986664,
    "y": -32.868534,
    "distance": 108.8381816831451,
    "esp": -67.487717,
    "rssi": -67.0,
    "gateway": "004A1092"
  }
}