{
  "datapoint_7": {
    "z": 11.82766,
    "drone": 1,
    "x": 40.138779,
    "y": -19.014198,
    "distance": 48.70729816182432,
    "esp": -63.573822,
    "rssi": -63.0,
    "gateway": "004A1092"
  },
  "datapoint_6": {
    "z": 12.507229,
    "drone": 1,
    "x": 49.004166,
    "y": -25.894114,
    "distance": 52.769212372934724,
    "esp": -64.461838,
    "rssi": -64.0,
    "gateway": "004A1092"
  },
  "datapoint_5": {
    "z": 12.314913,
    "drone": 1,
    "x": 40.760429,
    "y": -23.113222,
    "distance": 81.8765377162669,
    "esp": -69.331955,
    "rssi": -69.0,
    "gateway": "004A1092"
  },
  "datapoint_4": {
    "z": 12.065093,
    "drone": 1,
    "x": 24.829018,
    "y": -18.400352,
    "distance": 58.68012472867712,
    "esp": -65.638924,
    "rssi": -65.0,
    "gateway": "004A1092"
  },
  "datapoint_3": {
    "z": 12.292474,
    "drone": 1,
    "x": 17.807175,
    "y": -15.001399,
    "distance": 58.68012472867712,
    "esp": -65.638924,
    "rssi": -65.0,
    "gateway": "004A1092"
  },
  "datapoint_2": {
    "z": 12.252577,
    "drone": 1,
    "x": 10.473742,
    "y": -10.49901,
    "distance": 68.73160527064113,
    "esp": -67.391785,
    "rssi": -67.0,
    "gateway": "004A1092"
  },
  "datapoint_1": {
    "z": 11.157968,
    "drone": 1,
    "x": -5.11563,
    "y": -4.892798,
    "distance": 170.46464621522148,
    "esp": -77.461838,
    "rssi": -77.0,
    "gateway": "004A1092"
  },
  "datapoint_0": {
    "z": 5.070174,
    "drone": 1,
    "x": -11.150481,
    "y": -6.834271,
    "distance": 23.67048417292102,
    "esp": -55.573822,
    "rssi": -55.0,
    "gateway": "004A1092"
  },
  "datapoint_9": {
    "z": 11.915884,
    "drone": 1,
    "x": 28.281658,
    "y": -6.538189,
    "distance": 65.1008205797289,
    "esp": -66.7901,
    "rssi": -66.0,
    "gateway": "004A1092"
  },
  "datapoint_8": {
    "z": 11.82766,
    "drone": 1,
    "x": 40.138779,
    "y": -19.014198,
    "distance": 48.70729816182432,
    "esp": -63.573822,
    "rssi": -63.0,
    "gateway": "004A1092"
  },
  "datapoint_19": {
    "z": 12.356517,
    "drone": 1,
    "x": -53.518814,
    "y": 45.1031,
    "distance": 82.8413987750713,
    "esp": -64.461838,
    "rssi": -64.0,
    "gateway": "004A1092"
  },
  "datapoint_18": {
    "z": 11.651833,
    "drone": 1,
    "x": -50.938587,
    "y": 53.134533,
    "distance": 82.8413987750713,
    "esp": -64.461838,
    "rssi": -64.0,
    "gateway": "004A1092"
  },
  "datapoint_13": {
    "z": 12.014076,
    "drone": 1,
    "x": -7.303421,
    "y": 30.990831,
    "distance": 55.01638664439331,
    "esp": -59.924179,
    "rssi": -59.0,
    "gateway": "004A1092"
  },
  "datapoint_12": {
    "z": 11.964404,
    "drone": 1,
    "x": 4.501161,
    "y": 18.099117,
    "distance": 90.8729345794631,
    "esp": -65.487717,
    "rssi": -65.0,
    "gateway": "004A1092"
  },
  "datapoint_11": {
    "z": 11.977857,
    "drone": 1,
    "x": 16.089046,
    "y": 5.641107,
    "distance": 62.571948750230995,
    "esp": -66.350853,
    "rssi": -66.0,
    "gateway": "004A1092"
  },
  "datapoint_10": {
    "z": 12.252998,
    "drone": 1,
    "x": 21.868256,
    "y": -0.439529,
    "distance": 65.1008205797289,
    "esp": -66.7901,
    "rssi": -66.0,
    "gateway": "004A1092"
  },
  "datapoint_17": {
    "z": 12.437945,
    "drone": 1,
    "x": -46.057716,
    "y": 68.814156,
    "distance": 64.02613025359929,
    "esp": -61.605556,
    "rssi": -61.0,
    "gateway": "004A1092"
  },
  "datapoint_16": {
    "z": 11.744485,
    "drone": 1,
    "x": -37.665504,
    "y": 69.380486,
    "distance": 91.09658687312458,
    "esp": -65.514969,
    "rssi": -65.0,
    "gateway": "004A1092"
  },
  "datapoint_15": {
    "z": 12.039621,
    "drone": 1,
    "x": -32.621494,
    "y": 62.783012,
    "distance": 91.09658687312458,
    "esp": -65.514969,
    "rssi": -65.0,
    "gateway": "004A1092"
  },
  "datapoint_14": {
    "z": 11.930275,
    "drone": 1,
    "x": -27.88965,
    "y": 56.651073,
    "distance": 89.91947793508207,
    "esp": -65.370781,
    "rssi": -65.0,
    "gateway": "004A1092"
  },
  "datapoint_24": {
    "z": 11.699196,
    "drone": 1,
    "x": -75.264221,
    "y": -26.913958,
    "distance": 89.75799234904771,
    "esp": -65.350853,
    "rssi": -65.0,
    "gateway": "004A1092"
  },
  "datapoint_22": {
    "z": 12.025354,
    "drone": 1,
    "x": -66.025139,
    "y": 5.613397,
    "distance": 52.769212372934724,
    "esp": -59.461838,
    "rssi": -59.0,
    "gateway": "004A1092"
  },
  "datapoint_23": {
    "z": 12.003197,
    "drone": 1,
    "x": -70.360336,
    "y": -10.889806,
    "distance": 52.769212372934724,
    "esp": -59.461838,
    "rssi": -59.0,
    "gateway": "004A1092"
  },
  "datapoint_20": {
    "z": 12.263953,
    "drone": 1,
    "x": -55.83403,
    "y": 37.467316,
    "distance": 36.96310813673767,
    "esp": -55.514969,
    "rssi": -55.0,
    "gateway": "004A1092"
  },
  "datapoint_21": {
    "z": 12.369105,
    "drone": 1,
    "x": -60.510483,
    "y": 21.781013,
    "distance": 52.652356006820774,
    "esp": -59.43726,
    "rssi": -59.0,
    "gateway": "004A1092"
  }
}